id,pair,condition,x,mu,z,sigma,seed,low_word,high_word,logit_diff
age_zs_000150,age,,20.0,,,,0,young,old,0.5
age_zs_000151,age,,20.0,,,,1,young,old,1.25
age_zs_000152,age,,20.0,,,,2,young,old,1.0
age_zs_000153,age,,20.0,,,,3,young,old,1.25
age_zs_000154,age,,20.0,,,,4,young,old,-0.875
age_zs_000155,age,,20.0,,,,5,young,old,0.5
age_zs_000156,age,,20.0,,,,6,young,old,0.75
age_zs_000157,age,,20.0,,,,7,young,old,1.375
age_zs_000158,age,,20.0,,,,8,young,old,0.125
age_zs_000159,age,,20.0,,,,9,young,old,1.25
age_zs_000160,age,,20.0,,,,10,young,old,1.375
age_zs_000161,age,,20.0,,,,11,young,old,1.5
age_zs_000162,age,,20.0,,,,12,young,old,-0.375
age_zs_000163,age,,20.0,,,,13,young,old,1.25
age_zs_000164,age,,20.0,,,,14,young,old,0.0
age_zs_000165,age,,20.0,,,,15,young,old,2.5
age_zs_000166,age,,20.0,,,,16,young,old,2.0
age_zs_000167,age,,20.0,,,,17,young,old,1.375
age_zs_000168,age,,20.0,,,,18,young,old,0.125
age_zs_000169,age,,20.0,,,,19,young,old,0.0
age_zs_000170,age,,20.0,,,,20,young,old,-0.25
age_zs_000171,age,,20.0,,,,21,young,old,0.875
age_zs_000172,age,,20.0,,,,22,young,old,0.0
age_zs_000173,age,,20.0,,,,23,young,old,0.75
age_zs_000174,age,,20.0,,,,24,young,old,0.5
age_zs_000175,age,,20.0,,,,25,young,old,0.0
age_zs_000176,age,,20.0,,,,26,young,old,1.5
age_zs_000177,age,,20.0,,,,27,young,old,0.5
age_zs_000178,age,,20.0,,,,28,young,old,1.0
age_zs_000179,age,,20.0,,,,29,young,old,0.25
age_zs_000180,age,,30.0,,,,0,young,old,0.75
age_zs_000181,age,,30.0,,,,1,young,old,1.375
age_zs_000182,age,,30.0,,,,2,young,old,1.625
age_zs_000183,age,,30.0,,,,3,young,old,1.0
age_zs_000184,age,,30.0,,,,4,young,old,0.0
age_zs_000185,age,,30.0,,,,5,young,old,0.625
age_zs_000186,age,,30.0,,,,6,young,old,0.8125
age_zs_000187,age,,30.0,,,,7,young,old,1.375
age_zs_000188,age,,30.0,,,,8,young,old,0.375
age_zs_000189,age,,30.0,,,,9,young,old,1.25
age_zs_000190,age,,30.0,,,,10,young,old,1.75
age_zs_000191,age,,30.0,,,,11,young,old,1.375
age_zs_000192,age,,30.0,,,,12,young,old,0.375
age_zs_000193,age,,30.0,,,,13,young,old,1.5
age_zs_000194,age,,30.0,,,,14,young,old,0.875
age_zs_000195,age,,30.0,,,,15,young,old,1.875
age_zs_000196,age,,30.0,,,,16,young,old,1.5
age_zs_000197,age,,30.0,,,,17,young,old,1.25
age_zs_000198,age,,30.0,,,,18,young,old,0.5
age_zs_000199,age,,30.0,,,,19,young,old,0.25
age_zs_000200,age,,30.0,,,,20,young,old,-0.125
age_zs_000201,age,,30.0,,,,21,young,old,0.875
age_zs_000202,age,,30.0,,,,22,young,old,0.625
age_zs_000203,age,,30.0,,,,23,young,old,0.875
age_zs_000204,age,,30.0,,,,24,young,old,1.125
age_zs_000205,age,,30.0,,,,25,young,old,0.0
age_zs_000206,age,,30.0,,,,26,young,old,1.625
age_zs_000207,age,,30.0,,,,27,young,old,0.875
age_zs_000208,age,,30.0,,,,28,young,old,1.375
age_zs_000209,age,,30.0,,,,29,young,old,0.625
age_zs_000210,age,,40.0,,,,0,young,old,1.0
age_zs_000211,age,,40.0,,,,1,young,old,1.25
age_zs_000212,age,,40.0,,,,2,young,old,1.75
age_zs_000213,age,,40.0,,,,3,young,old,1.125
age_zs_000214,age,,40.0,,,,4,young,old,0.75
age_zs_000215,age,,40.0,,,,5,young,old,0.625
age_zs_000216,age,,40.0,,,,6,young,old,0.75
age_zs_000217,age,,40.0,,,,7,young,old,1.75
age_zs_000218,age,,40.0,,,,8,young,old,0.875
age_zs_000219,age,,40.0,,,,9,young,old,1.125
age_zs_000220,age,,40.0,,,,10,young,old,1.875
age_zs_000221,age,,40.0,,,,11,young,old,1.25
age_zs_000222,age,,40.0,,,,12,young,old,1.0
age_zs_000223,age,,40.0,,,,13,young,old,1.75
age_zs_000224,age,,40.0,,,,14,young,old,1.5
age_zs_000225,age,,40.0,,,,15,young,old,1.75
age_zs_000226,age,,40.0,,,,16,young,old,1.375
age_zs_000227,age,,40.0,,,,17,young,old,1.375
age_zs_000228,age,,40.0,,,,18,young,old,0.75
age_zs_000229,age,,40.0,,,,19,young,old,0.625
age_zs_000230,age,,40.0,,,,20,young,old,0.375
age_zs_000231,age,,40.0,,,,21,young,old,1.125
age_zs_000232,age,,40.0,,,,22,young,old,1.25
age_zs_000233,age,,40.0,,,,23,young,old,1.0
age_zs_000234,age,,40.0,,,,24,young,old,1.625
age_zs_000235,age,,40.0,,,,25,young,old,0.5
age_zs_000236,age,,40.0,,,,26,young,old,2.0
age_zs_000237,age,,40.0,,,,27,young,old,0.875
age_zs_000238,age,,40.0,,,,28,young,old,1.375
age_zs_000239,age,,40.0,,,,29,young,old,1.0
age_zs_000240,age,,50.0,,,,0,young,old,1.25
age_zs_000241,age,,50.0,,,,1,young,old,1.75
age_zs_000242,age,,50.0,,,,2,young,old,1.5
age_zs_000243,age,,50.0,,,,3,young,old,1.25
age_zs_000244,age,,50.0,,,,4,young,old,1.0
age_zs_000245,age,,50.0,,,,5,young,old,0.875
age_zs_000246,age,,50.0,,,,6,young,old,1.125
age_zs_000247,age,,50.0,,,,7,young,old,1.875
age_zs_000248,age,,50.0,,,,8,young,old,0.875
age_zs_000249,age,,50.0,,,,9,young,old,1.125
age_zs_000250,age,,50.0,,,,10,young,old,2.125
age_zs_000251,age,,50.0,,,,11,young,old,1.625
age_zs_000252,age,,50.0,,,,12,young,old,1.125
age_zs_000253,age,,50.0,,,,13,young,old,1.75
age_zs_000254,age,,50.0,,,,14,young,old,1.375
age_zs_000255,age,,50.0,,,,15,young,old,1.75
age_zs_000256,age,,50.0,,,,16,young,old,1.625
age_zs_000257,age,,50.0,,,,17,young,old,1.5
age_zs_000258,age,,50.0,,,,18,young,old,0.75
age_zs_000259,age,,50.0,,,,19,young,old,0.75
age_zs_000260,age,,50.0,,,,20,young,old,0.25
age_zs_000261,age,,50.0,,,,21,young,old,1.25
age_zs_000262,age,,50.0,,,,22,young,old,1.875
age_zs_000263,age,,50.0,,,,23,young,old,1.5625
age_zs_000264,age,,50.0,,,,24,young,old,2.0
age_zs_000265,age,,50.0,,,,25,young,old,0.75
age_zs_000266,age,,50.0,,,,26,young,old,2.25
age_zs_000267,age,,50.0,,,,27,young,old,1.125
age_zs_000268,age,,50.0,,,,28,young,old,1.25
age_zs_000269,age,,50.0,,,,29,young,old,1.5
age_zs_000270,age,,60.0,,,,0,young,old,2.125
age_zs_000271,age,,60.0,,,,1,young,old,1.875
age_zs_000272,age,,60.0,,,,2,young,old,1.875
age_zs_000273,age,,60.0,,,,3,young,old,1.25
age_zs_000274,age,,60.0,,,,4,young,old,1.5
age_zs_000275,age,,60.0,,,,5,young,old,1.0
age_zs_000276,age,,60.0,,,,6,young,old,1.375
age_zs_000277,age,,60.0,,,,7,young,old,2.5
age_zs_000278,age,,60.0,,,,8,young,old,1.5
age_zs_000279,age,,60.0,,,,9,young,old,1.5
age_zs_000280,age,,60.0,,,,10,young,old,2.25
age_zs_000281,age,,60.0,,,,11,young,old,2.25
age_zs_000282,age,,60.0,,,,12,young,old,2.0
age_zs_000283,age,,60.0,,,,13,young,old,2.125
age_zs_000284,age,,60.0,,,,14,young,old,1.25
age_zs_000285,age,,60.0,,,,15,young,old,1.875
age_zs_000286,age,,60.0,,,,16,young,old,1.75
age_zs_000287,age,,60.0,,,,17,young,old,1.75
age_zs_000288,age,,60.0,,,,18,young,old,1.375
age_zs_000289,age,,60.0,,,,19,young,old,1.5
age_zs_000290,age,,60.0,,,,20,young,old,0.75
age_zs_000291,age,,60.0,,,,21,young,old,1.75
age_zs_000292,age,,60.0,,,,22,young,old,2.625
age_zs_000293,age,,60.0,,,,23,young,old,1.9375
age_zs_000294,age,,60.0,,,,24,young,old,2.5
age_zs_000295,age,,60.0,,,,25,young,old,1.25
age_zs_000296,age,,60.0,,,,26,young,old,2.5
age_zs_000297,age,,60.0,,,,27,young,old,1.875
age_zs_000298,age,,60.0,,,,28,young,old,1.5
age_zs_000299,age,,60.0,,,,29,young,old,1.75
bmi_abs_zs_001050,bmi_abs,,17.0,,,,0,thin,obese,0.375
bmi_abs_zs_001051,bmi_abs,,17.0,,,,1,thin,obese,2.125
bmi_abs_zs_001052,bmi_abs,,17.0,,,,2,thin,obese,0.25
bmi_abs_zs_001053,bmi_abs,,17.0,,,,3,thin,obese,1.125
bmi_abs_zs_001054,bmi_abs,,17.0,,,,4,thin,obese,-1.375
bmi_abs_zs_001055,bmi_abs,,17.0,,,,5,thin,obese,-0.625
bmi_abs_zs_001056,bmi_abs,,17.0,,,,6,thin,obese,1.625
bmi_abs_zs_001057,bmi_abs,,17.0,,,,7,thin,obese,-0.125
bmi_abs_zs_001058,bmi_abs,,17.0,,,,8,thin,obese,0.375
bmi_abs_zs_001059,bmi_abs,,17.0,,,,9,thin,obese,0.875
bmi_abs_zs_001060,bmi_abs,,17.0,,,,10,thin,obese,0.0
bmi_abs_zs_001061,bmi_abs,,17.0,,,,11,thin,obese,0.125
bmi_abs_zs_001062,bmi_abs,,17.0,,,,12,thin,obese,-1.5
bmi_abs_zs_001063,bmi_abs,,17.0,,,,13,thin,obese,2.375
bmi_abs_zs_001064,bmi_abs,,17.0,,,,14,thin,obese,-0.375
bmi_abs_zs_001065,bmi_abs,,17.0,,,,15,thin,obese,1.75
bmi_abs_zs_001066,bmi_abs,,17.0,,,,16,thin,obese,2.25
bmi_abs_zs_001067,bmi_abs,,17.0,,,,17,thin,obese,0.375
bmi_abs_zs_001068,bmi_abs,,17.0,,,,18,thin,obese,-0.875
bmi_abs_zs_001069,bmi_abs,,17.0,,,,19,thin,obese,-0.5
bmi_abs_zs_001070,bmi_abs,,17.0,,,,20,thin,obese,-0.625
bmi_abs_zs_001071,bmi_abs,,17.0,,,,21,thin,obese,-0.25
bmi_abs_zs_001072,bmi_abs,,17.0,,,,22,thin,obese,-1.0
bmi_abs_zs_001073,bmi_abs,,17.0,,,,23,thin,obese,1.75
bmi_abs_zs_001074,bmi_abs,,17.0,,,,24,thin,obese,-1.125
bmi_abs_zs_001075,bmi_abs,,17.0,,,,25,thin,obese,1.125
bmi_abs_zs_001076,bmi_abs,,17.0,,,,26,thin,obese,0.5
bmi_abs_zs_001077,bmi_abs,,17.0,,,,27,thin,obese,-1.625
bmi_abs_zs_001078,bmi_abs,,17.0,,,,28,thin,obese,0.125
bmi_abs_zs_001079,bmi_abs,,17.0,,,,29,thin,obese,-1.25
bmi_abs_zs_001080,bmi_abs,,22.0,,,,0,thin,obese,1.5
bmi_abs_zs_001081,bmi_abs,,22.0,,,,1,thin,obese,2.375
bmi_abs_zs_001082,bmi_abs,,22.0,,,,2,thin,obese,1.0
bmi_abs_zs_001083,bmi_abs,,22.0,,,,3,thin,obese,1.5
bmi_abs_zs_001084,bmi_abs,,22.0,,,,4,thin,obese,-0.25
bmi_abs_zs_001085,bmi_abs,,22.0,,,,5,thin,obese,0.25
bmi_abs_zs_001086,bmi_abs,,22.0,,,,6,thin,obese,2.375
bmi_abs_zs_001087,bmi_abs,,22.0,,,,7,thin,obese,1.25
bmi_abs_zs_001088,bmi_abs,,22.0,,,,8,thin,obese,1.5
bmi_abs_zs_001089,bmi_abs,,22.0,,,,9,thin,obese,1.25
bmi_abs_zs_001090,bmi_abs,,22.0,,,,10,thin,obese,1.25
bmi_abs_zs_001091,bmi_abs,,22.0,,,,11,thin,obese,1.25
bmi_abs_zs_001092,bmi_abs,,22.0,,,,12,thin,obese,-0.625
bmi_abs_zs_001093,bmi_abs,,22.0,,,,13,thin,obese,3.25
bmi_abs_zs_001094,bmi_abs,,22.0,,,,14,thin,obese,-0.25
bmi_abs_zs_001095,bmi_abs,,22.0,,,,15,thin,obese,2.0
bmi_abs_zs_001096,bmi_abs,,22.0,,,,16,thin,obese,2.75
bmi_abs_zs_001097,bmi_abs,,22.0,,,,17,thin,obese,0.875
bmi_abs_zs_001098,bmi_abs,,22.0,,,,18,thin,obese,0.5
bmi_abs_zs_001099,bmi_abs,,22.0,,,,19,thin,obese,0.75
bmi_abs_zs_001100,bmi_abs,,22.0,,,,20,thin,obese,0.25
bmi_abs_zs_001101,bmi_abs,,22.0,,,,21,thin,obese,1.125
bmi_abs_zs_001102,bmi_abs,,22.0,,,,22,thin,obese,0.125
bmi_abs_zs_001103,bmi_abs,,22.0,,,,23,thin,obese,2.875
bmi_abs_zs_001104,bmi_abs,,22.0,,,,24,thin,obese,0.25
bmi_abs_zs_001105,bmi_abs,,22.0,,,,25,thin,obese,2.0
bmi_abs_zs_001106,bmi_abs,,22.0,,,,26,thin,obese,1.5
bmi_abs_zs_001107,bmi_abs,,22.0,,,,27,thin,obese,-1.375
bmi_abs_zs_001108,bmi_abs,,22.0,,,,28,thin,obese,1.375
bmi_abs_zs_001109,bmi_abs,,22.0,,,,29,thin,obese,-0.5
bmi_abs_zs_001110,bmi_abs,,27.0,,,,0,thin,obese,6.0
bmi_abs_zs_001111,bmi_abs,,27.0,,,,1,thin,obese,4.875
bmi_abs_zs_001112,bmi_abs,,27.0,,,,2,thin,obese,5.25
bmi_abs_zs_001113,bmi_abs,,27.0,,,,3,thin,obese,3.25
bmi_abs_zs_001114,bmi_abs,,27.0,,,,4,thin,obese,5.25
bmi_abs_zs_001115,bmi_abs,,27.0,,,,5,thin,obese,4.125
bmi_abs_zs_001116,bmi_abs,,27.0,,,,6,thin,obese,3.875
bmi_abs_zs_001117,bmi_abs,,27.0,,,,7,thin,obese,5.625
bmi_abs_zs_001118,bmi_abs,,27.0,,,,8,thin,obese,5.5
bmi_abs_zs_001119,bmi_abs,,27.0,,,,9,thin,obese,2.875
bmi_abs_zs_001120,bmi_abs,,27.0,,,,10,thin,obese,5.75
bmi_abs_zs_001121,bmi_abs,,27.0,,,,11,thin,obese,5.0
bmi_abs_zs_001122,bmi_abs,,27.0,,,,12,thin,obese,5.875
bmi_abs_zs_001123,bmi_abs,,27.0,,,,13,thin,obese,5.0
bmi_abs_zs_001124,bmi_abs,,27.0,,,,14,thin,obese,6.375
bmi_abs_zs_001125,bmi_abs,,27.0,,,,15,thin,obese,5.75
bmi_abs_zs_001126,bmi_abs,,27.0,,,,16,thin,obese,3.25
bmi_abs_zs_001127,bmi_abs,,27.0,,,,17,thin,obese,4.75
bmi_abs_zs_001128,bmi_abs,,27.0,,,,18,thin,obese,5.375
bmi_abs_zs_001129,bmi_abs,,27.0,,,,19,thin,obese,4.75
bmi_abs_zs_001130,bmi_abs,,27.0,,,,20,thin,obese,4.875
bmi_abs_zs_001131,bmi_abs,,27.0,,,,21,thin,obese,5.875
bmi_abs_zs_001132,bmi_abs,,27.0,,,,22,thin,obese,6.375
bmi_abs_zs_001133,bmi_abs,,27.0,,,,23,thin,obese,4.0
bmi_abs_zs_001134,bmi_abs,,27.0,,,,24,thin,obese,5.625
bmi_abs_zs_001135,bmi_abs,,27.0,,,,25,thin,obese,6.125
bmi_abs_zs_001136,bmi_abs,,27.0,,,,26,thin,obese,6.5
bmi_abs_zs_001137,bmi_abs,,27.0,,,,27,thin,obese,6.625
bmi_abs_zs_001138,bmi_abs,,27.0,,,,28,thin,obese,4.625
bmi_abs_zs_001139,bmi_abs,,27.0,,,,29,thin,obese,3.625
bmi_abs_zs_001140,bmi_abs,,32.0,,,,0,thin,obese,6.625
bmi_abs_zs_001141,bmi_abs,,32.0,,,,1,thin,obese,4.875
bmi_abs_zs_001142,bmi_abs,,32.0,,,,2,thin,obese,5.5
bmi_abs_zs_001143,bmi_abs,,32.0,,,,3,thin,obese,3.25
bmi_abs_zs_001144,bmi_abs,,32.0,,,,4,thin,obese,6.125
bmi_abs_zs_001145,bmi_abs,,32.0,,,,5,thin,obese,4.625
bmi_abs_zs_001146,bmi_abs,,32.0,,,,6,thin,obese,3.875
bmi_abs_zs_001147,bmi_abs,,32.0,,,,7,thin,obese,6.375
bmi_abs_zs_001148,bmi_abs,,32.0,,,,8,thin,obese,6.0
bmi_abs_zs_001149,bmi_abs,,32.0,,,,9,thin,obese,2.875
bmi_abs_zs_001150,bmi_abs,,32.0,,,,10,thin,obese,6.0
bmi_abs_zs_001151,bmi_abs,,32.0,,,,11,thin,obese,5.375
bmi_abs_zs_001152,bmi_abs,,32.0,,,,12,thin,obese,6.625
bmi_abs_zs_001153,bmi_abs,,32.0,,,,13,thin,obese,5.125
bmi_abs_zs_001154,bmi_abs,,32.0,,,,14,thin,obese,7.5
bmi_abs_zs_001155,bmi_abs,,32.0,,,,15,thin,obese,5.5
bmi_abs_zs_001156,bmi_abs,,32.0,,,,16,thin,obese,3.125
bmi_abs_zs_001157,bmi_abs,,32.0,,,,17,thin,obese,4.875
bmi_abs_zs_001158,bmi_abs,,32.0,,,,18,thin,obese,6.125
bmi_abs_zs_001159,bmi_abs,,32.0,,,,19,thin,obese,5.375
bmi_abs_zs_001160,bmi_abs,,32.0,,,,20,thin,obese,5.5
bmi_abs_zs_001161,bmi_abs,,32.0,,,,21,thin,obese,6.625
bmi_abs_zs_001162,bmi_abs,,32.0,,,,22,thin,obese,6.875
bmi_abs_zs_001163,bmi_abs,,32.0,,,,23,thin,obese,4.125
bmi_abs_zs_001164,bmi_abs,,32.0,,,,24,thin,obese,6.125
bmi_abs_zs_001165,bmi_abs,,32.0,,,,25,thin,obese,6.375
bmi_abs_zs_001166,bmi_abs,,32.0,,,,26,thin,obese,6.75
bmi_abs_zs_001167,bmi_abs,,32.0,,,,27,thin,obese,7.5
bmi_abs_zs_001168,bmi_abs,,32.0,,,,28,thin,obese,5.125
bmi_abs_zs_001169,bmi_abs,,32.0,,,,29,thin,obese,3.875
bmi_abs_zs_001170,bmi_abs,,38.0,,,,0,thin,obese,6.5
bmi_abs_zs_001171,bmi_abs,,38.0,,,,1,thin,obese,4.875
bmi_abs_zs_001172,bmi_abs,,38.0,,,,2,thin,obese,5.25
bmi_abs_zs_001173,bmi_abs,,38.0,,,,3,thin,obese,3.125
bmi_abs_zs_001174,bmi_abs,,38.0,,,,4,thin,obese,5.75
bmi_abs_zs_001175,bmi_abs,,38.0,,,,5,thin,obese,4.625
bmi_abs_zs_001176,bmi_abs,,38.0,,,,6,thin,obese,3.75
bmi_abs_zs_001177,bmi_abs,,38.0,,,,7,thin,obese,6.0
bmi_abs_zs_001178,bmi_abs,,38.0,,,,8,thin,obese,6.125
bmi_abs_zs_001179,bmi_abs,,38.0,,,,9,thin,obese,2.75
bmi_abs_zs_001180,bmi_abs,,38.0,,,,10,thin,obese,5.5
bmi_abs_zs_001181,bmi_abs,,38.0,,,,11,thin,obese,5.25
bmi_abs_zs_001182,bmi_abs,,38.0,,,,12,thin,obese,6.5
bmi_abs_zs_001183,bmi_abs,,38.0,,,,13,thin,obese,5.125
bmi_abs_zs_001184,bmi_abs,,38.0,,,,14,thin,obese,7.25
bmi_abs_zs_001185,bmi_abs,,38.0,,,,15,thin,obese,5.5
bmi_abs_zs_001186,bmi_abs,,38.0,,,,16,thin,obese,3.0
bmi_abs_zs_001187,bmi_abs,,38.0,,,,17,thin,obese,4.875
bmi_abs_zs_001188,bmi_abs,,38.0,,,,18,thin,obese,5.875
bmi_abs_zs_001189,bmi_abs,,38.0,,,,19,thin,obese,5.375
bmi_abs_zs_001190,bmi_abs,,38.0,,,,20,thin,obese,5.125
bmi_abs_zs_001191,bmi_abs,,38.0,,,,21,thin,obese,6.25
bmi_abs_zs_001192,bmi_abs,,38.0,,,,22,thin,obese,5.75
bmi_abs_zs_001193,bmi_abs,,38.0,,,,23,thin,obese,4.25
bmi_abs_zs_001194,bmi_abs,,38.0,,,,24,thin,obese,5.125
bmi_abs_zs_001195,bmi_abs,,38.0,,,,25,thin,obese,6.125
bmi_abs_zs_001196,bmi_abs,,38.0,,,,26,thin,obese,6.875
bmi_abs_zs_001197,bmi_abs,,38.0,,,,27,thin,obese,7.0
bmi_abs_zs_001198,bmi_abs,,38.0,,,,28,thin,obese,4.625
bmi_abs_zs_001199,bmi_abs,,38.0,,,,29,thin,obese,3.75
experience_zs_000900,experience,,1.0,,,,0,novice,expert,2.75
experience_zs_000901,experience,,1.0,,,,1,novice,expert,1.75
experience_zs_000902,experience,,1.0,,,,2,novice,expert,1.8125
experience_zs_000903,experience,,1.0,,,,3,novice,expert,3.375
experience_zs_000904,experience,,1.0,,,,4,novice,expert,1.5
experience_zs_000905,experience,,1.0,,,,5,novice,expert,2.9375
experience_zs_000906,experience,,1.0,,,,6,novice,expert,2.875
experience_zs_000907,experience,,1.0,,,,7,novice,expert,1.9375
experience_zs_000908,experience,,1.0,,,,8,novice,expert,2.75
experience_zs_000909,experience,,1.0,,,,9,novice,expert,4.125
experience_zs_000910,experience,,1.0,,,,10,novice,expert,2.0
experience_zs_000911,experience,,1.0,,,,11,novice,expert,2.125
experience_zs_000912,experience,,1.0,,,,12,novice,expert,2.375
experience_zs_000913,experience,,1.0,,,,13,novice,expert,3.0625
experience_zs_000914,experience,,1.0,,,,14,novice,expert,1.25
experience_zs_000915,experience,,1.0,,,,15,novice,expert,1.375
experience_zs_000916,experience,,1.0,,,,16,novice,expert,3.4375
experience_zs_000917,experience,,1.0,,,,17,novice,expert,1.625
experience_zs_000918,experience,,1.0,,,,18,novice,expert,0.875
experience_zs_000919,experience,,1.0,,,,19,novice,expert,1.4375
experience_zs_000920,experience,,1.0,,,,20,novice,expert,1.625
experience_zs_000921,experience,,1.0,,,,21,novice,expert,1.25
experience_zs_000922,experience,,1.0,,,,22,novice,expert,3.1875
experience_zs_000923,experience,,1.0,,,,23,novice,expert,3.1875
experience_zs_000924,experience,,1.0,,,,24,novice,expert,4.5625
experience_zs_000925,experience,,1.0,,,,25,novice,expert,2.5625
experience_zs_000926,experience,,1.0,,,,26,novice,expert,1.875
experience_zs_000927,experience,,1.0,,,,27,novice,expert,2.4375
experience_zs_000928,experience,,1.0,,,,28,novice,expert,1.6875
experience_zs_000929,experience,,1.0,,,,29,novice,expert,2.6875
experience_zs_000930,experience,,5.0,,,,0,novice,expert,3.9375
experience_zs_000931,experience,,5.0,,,,1,novice,expert,2.625
experience_zs_000932,experience,,5.0,,,,2,novice,expert,3.0625
experience_zs_000933,experience,,5.0,,,,3,novice,expert,3.6875
experience_zs_000934,experience,,5.0,,,,4,novice,expert,3.0
experience_zs_000935,experience,,5.0,,,,5,novice,expert,3.3125
experience_zs_000936,experience,,5.0,,,,6,novice,expert,3.4375
experience_zs_000937,experience,,5.0,,,,7,novice,expert,2.6875
experience_zs_000938,experience,,5.0,,,,8,novice,expert,3.875
experience_zs_000939,experience,,5.0,,,,9,novice,expert,4.3125
experience_zs_000940,experience,,5.0,,,,10,novice,expert,2.8125
experience_zs_000941,experience,,5.0,,,,11,novice,expert,3.25
experience_zs_000942,experience,,5.0,,,,12,novice,expert,3.3125
experience_zs_000943,experience,,5.0,,,,13,novice,expert,3.5625
experience_zs_000944,experience,,5.0,,,,14,novice,expert,3.9375
experience_zs_000945,experience,,5.0,,,,15,novice,expert,2.3125
experience_zs_000946,experience,,5.0,,,,16,novice,expert,3.5625
experience_zs_000947,experience,,5.0,,,,17,novice,expert,2.75
experience_zs_000948,experience,,5.0,,,,18,novice,expert,2.3125
experience_zs_000949,experience,,5.0,,,,19,novice,expert,2.75
experience_zs_000950,experience,,5.0,,,,20,novice,expert,2.4375
experience_zs_000951,experience,,5.0,,,,21,novice,expert,2.25
experience_zs_000952,experience,,5.0,,,,22,novice,expert,4.375
experience_zs_000953,experience,,5.0,,,,23,novice,expert,3.75
experience_zs_000954,experience,,5.0,,,,24,novice,expert,5.625
experience_zs_000955,experience,,5.0,,,,25,novice,expert,3.8125
experience_zs_000956,experience,,5.0,,,,26,novice,expert,2.9375
experience_zs_000957,experience,,5.0,,,,27,novice,expert,3.5625
experience_zs_000958,experience,,5.0,,,,28,novice,expert,2.875
experience_zs_000959,experience,,5.0,,,,29,novice,expert,2.75
experience_zs_000960,experience,,10.0,,,,0,novice,expert,4.875
experience_zs_000961,experience,,10.0,,,,1,novice,expert,3.25
experience_zs_000962,experience,,10.0,,,,2,novice,expert,3.6875
experience_zs_000963,experience,,10.0,,,,3,novice,expert,3.625
experience_zs_000964,experience,,10.0,,,,4,novice,expert,4.0
experience_zs_000965,experience,,10.0,,,,5,novice,expert,3.8125
experience_zs_000966,experience,,10.0,,,,6,novice,expert,3.6875
experience_zs_000967,experience,,10.0,,,,7,novice,expert,3.4375
experience_zs_000968,experience,,10.0,,,,8,novice,expert,4.1875
experience_zs_000969,experience,,10.0,,,,9,novice,expert,3.9375
experience_zs_000970,experience,,10.0,,,,10,novice,expert,3.125
experience_zs_000971,experience,,10.0,,,,11,novice,expert,3.5625
experience_zs_000972,experience,,10.0,,,,12,novice,expert,3.6875
experience_zs_000973,experience,,10.0,,,,13,novice,expert,4.0625
experience_zs_000974,experience,,10.0,,,,14,novice,expert,4.8125
experience_zs_000975,experience,,10.0,,,,15,novice,expert,3.0
experience_zs_000976,experience,,10.0,,,,16,novice,expert,3.5625
experience_zs_000977,experience,,10.0,,,,17,novice,expert,3.1875
experience_zs_000978,experience,,10.0,,,,18,novice,expert,3.125
experience_zs_000979,experience,,10.0,,,,19,novice,expert,3.375
experience_zs_000980,experience,,10.0,,,,20,novice,expert,2.6875
experience_zs_000981,experience,,10.0,,,,21,novice,expert,3.125
experience_zs_000982,experience,,10.0,,,,22,novice,expert,4.625
experience_zs_000983,experience,,10.0,,,,23,novice,expert,4.1875
experience_zs_000984,experience,,10.0,,,,24,novice,expert,6.0625
experience_zs_000985,experience,,10.0,,,,25,novice,expert,4.1875
experience_zs_000986,experience,,10.0,,,,26,novice,expert,3.4375
experience_zs_000987,experience,,10.0,,,,27,novice,expert,4.1875
experience_zs_000988,experience,,10.0,,,,28,novice,expert,3.5
experience_zs_000989,experience,,10.0,,,,29,novice,expert,3.25
experience_zs_000990,experience,,15.0,,,,0,novice,expert,5.25
experience_zs_000991,experience,,15.0,,,,1,novice,expert,3.9375
experience_zs_000992,experience,,15.0,,,,2,novice,expert,4.125
experience_zs_000993,experience,,15.0,,,,3,novice,expert,3.5
experience_zs_000994,experience,,15.0,,,,4,novice,expert,4.125
experience_zs_000995,experience,,15.0,,,,5,novice,expert,3.8125
experience_zs_000996,experience,,15.0,,,,6,novice,expert,3.8125
experience_zs_000997,experience,,15.0,,,,7,novice,expert,3.625
experience_zs_000998,experience,,15.0,,,,8,novice,expert,4.625
experience_zs_000999,experience,,15.0,,,,9,novice,expert,3.875
experience_zs_001000,experience,,15.0,,,,10,novice,expert,3.5
experience_zs_001001,experience,,15.0,,,,11,novice,expert,4.0
experience_zs_001002,experience,,15.0,,,,12,novice,expert,3.875
experience_zs_001003,experience,,15.0,,,,13,novice,expert,4.1875
experience_zs_001004,experience,,15.0,,,,14,novice,expert,4.875
experience_zs_001005,experience,,15.0,,,,15,novice,expert,3.3125
experience_zs_001006,experience,,15.0,,,,16,novice,expert,3.875
experience_zs_001007,experience,,15.0,,,,17,novice,expert,3.625
experience_zs_001008,experience,,15.0,,,,18,novice,expert,3.4375
experience_zs_001009,experience,,15.0,,,,19,novice,expert,3.5625
experience_zs_001010,experience,,15.0,,,,20,novice,expert,2.8125
experience_zs_001011,experience,,15.0,,,,21,novice,expert,3.25
experience_zs_001012,experience,,15.0,,,,22,novice,expert,4.6875
experience_zs_001013,experience,,15.0,,,,23,novice,expert,4.3125
experience_zs_001014,experience,,15.0,,,,24,novice,expert,7.0
experience_zs_001015,experience,,15.0,,,,25,novice,expert,4.4375
experience_zs_001016,experience,,15.0,,,,26,novice,expert,3.8125
experience_zs_001017,experience,,15.0,,,,27,novice,expert,4.8125
experience_zs_001018,experience,,15.0,,,,28,novice,expert,3.75
experience_zs_001019,experience,,15.0,,,,29,novice,expert,3.625
experience_zs_001020,experience,,25.0,,,,0,novice,expert,5.5
experience_zs_001021,experience,,25.0,,,,1,novice,expert,4.1875
experience_zs_001022,experience,,25.0,,,,2,novice,expert,4.625
experience_zs_001023,experience,,25.0,,,,3,novice,expert,3.875
experience_zs_001024,experience,,25.0,,,,4,novice,expert,4.5625
experience_zs_001025,experience,,25.0,,,,5,novice,expert,4.1875
experience_zs_001026,experience,,25.0,,,,6,novice,expert,4.375
experience_zs_001027,experience,,25.0,,,,7,novice,expert,3.875
experience_zs_001028,experience,,25.0,,,,8,novice,expert,4.875
experience_zs_001029,experience,,25.0,,,,9,novice,expert,4.0
experience_zs_001030,experience,,25.0,,,,10,novice,expert,3.875
experience_zs_001031,experience,,25.0,,,,11,novice,expert,4.125
experience_zs_001032,experience,,25.0,,,,12,novice,expert,4.1875
experience_zs_001033,experience,,25.0,,,,13,novice,expert,4.375
experience_zs_001034,experience,,25.0,,,,14,novice,expert,4.875
experience_zs_001035,experience,,25.0,,,,15,novice,expert,3.5
experience_zs_001036,experience,,25.0,,,,16,novice,expert,4.0
experience_zs_001037,experience,,25.0,,,,17,novice,expert,3.875
experience_zs_001038,experience,,25.0,,,,18,novice,expert,4.0
experience_zs_001039,experience,,25.0,,,,19,novice,expert,3.8125
experience_zs_001040,experience,,25.0,,,,20,novice,expert,3.1875
experience_zs_001041,experience,,25.0,,,,21,novice,expert,3.5625
experience_zs_001042,experience,,25.0,,,,22,novice,expert,5.25
experience_zs_001043,experience,,25.0,,,,23,novice,expert,4.4375
experience_zs_001044,experience,,25.0,,,,24,novice,expert,7.25
experience_zs_001045,experience,,25.0,,,,25,novice,expert,4.625
experience_zs_001046,experience,,25.0,,,,26,novice,expert,4.1875
experience_zs_001047,experience,,25.0,,,,27,novice,expert,5.375
experience_zs_001048,experience,,25.0,,,,28,novice,expert,4.125
experience_zs_001049,experience,,25.0,,,,29,novice,expert,3.875
height_zs_000000,height,,150.0,,,,0,short,tall,2.75
height_zs_000001,height,,150.0,,,,1,short,tall,3.0
height_zs_000002,height,,150.0,,,,2,short,tall,3.125
height_zs_000003,height,,150.0,,,,3,short,tall,1.875
height_zs_000004,height,,150.0,,,,4,short,tall,0.25
height_zs_000005,height,,150.0,,,,5,short,tall,2.375
height_zs_000006,height,,150.0,,,,6,short,tall,2.75
height_zs_000007,height,,150.0,,,,7,short,tall,2.625
height_zs_000008,height,,150.0,,,,8,short,tall,2.25
height_zs_000009,height,,150.0,,,,9,short,tall,1.25
height_zs_000010,height,,150.0,,,,10,short,tall,2.5
height_zs_000011,height,,150.0,,,,11,short,tall,0.125
height_zs_000012,height,,150.0,,,,12,short,tall,-1.125
height_zs_000013,height,,150.0,,,,13,short,tall,1.375
height_zs_000014,height,,150.0,,,,14,short,tall,-1.0
height_zs_000015,height,,150.0,,,,15,short,tall,4.25
height_zs_000016,height,,150.0,,,,16,short,tall,1.25
height_zs_000017,height,,150.0,,,,17,short,tall,1.0
height_zs_000018,height,,150.0,,,,18,short,tall,0.5
height_zs_000019,height,,150.0,,,,19,short,tall,0.0
height_zs_000020,height,,150.0,,,,20,short,tall,0.625
height_zs_000021,height,,150.0,,,,21,short,tall,1.0
height_zs_000022,height,,150.0,,,,22,short,tall,2.25
height_zs_000023,height,,150.0,,,,23,short,tall,1.5
height_zs_000024,height,,150.0,,,,24,short,tall,1.625
height_zs_000025,height,,150.0,,,,25,short,tall,2.875
height_zs_000026,height,,150.0,,,,26,short,tall,3.375
height_zs_000027,height,,150.0,,,,27,short,tall,0.125
height_zs_000028,height,,150.0,,,,28,short,tall,2.25
height_zs_000029,height,,150.0,,,,29,short,tall,1.0
height_zs_000030,height,,160.0,,,,0,short,tall,2.875
height_zs_000031,height,,160.0,,,,1,short,tall,3.0
height_zs_000032,height,,160.0,,,,2,short,tall,2.75
height_zs_000033,height,,160.0,,,,3,short,tall,1.75
height_zs_000034,height,,160.0,,,,4,short,tall,0.75
height_zs_000035,height,,160.0,,,,5,short,tall,2.0
height_zs_000036,height,,160.0,,,,6,short,tall,3.0
height_zs_000037,height,,160.0,,,,7,short,tall,2.375
height_zs_000038,height,,160.0,,,,8,short,tall,2.25
height_zs_000039,height,,160.0,,,,9,short,tall,1.25
height_zs_000040,height,,160.0,,,,10,short,tall,2.75
height_zs_000041,height,,160.0,,,,11,short,tall,0.5
height_zs_000042,height,,160.0,,,,12,short,tall,-0.5
height_zs_000043,height,,160.0,,,,13,short,tall,0.875
height_zs_000044,height,,160.0,,,,14,short,tall,-0.25
height_zs_000045,height,,160.0,,,,15,short,tall,4.25
height_zs_000046,height,,160.0,,,,16,short,tall,0.875
height_zs_000047,height,,160.0,,,,17,short,tall,1.0
height_zs_000048,height,,160.0,,,,18,short,tall,0.875
height_zs_000049,height,,160.0,,,,19,short,tall,0.375
height_zs_000050,height,,160.0,,,,20,short,tall,0.75
height_zs_000051,height,,160.0,,,,21,short,tall,1.125
height_zs_000052,height,,160.0,,,,22,short,tall,2.5
height_zs_000053,height,,160.0,,,,23,short,tall,1.5
height_zs_000054,height,,160.0,,,,24,short,tall,1.875
height_zs_000055,height,,160.0,,,,25,short,tall,2.75
height_zs_000056,height,,160.0,,,,26,short,tall,3.5
height_zs_000057,height,,160.0,,,,27,short,tall,0.625
height_zs_000058,height,,160.0,,,,28,short,tall,2.125
height_zs_000059,height,,160.0,,,,29,short,tall,1.25
height_zs_000060,height,,165.0,,,,0,short,tall,3.0
height_zs_000061,height,,165.0,,,,1,short,tall,3.25
height_zs_000062,height,,165.0,,,,2,short,tall,2.875
height_zs_000063,height,,165.0,,,,3,short,tall,1.75
height_zs_000064,height,,165.0,,,,4,short,tall,1.125
height_zs_000065,height,,165.0,,,,5,short,tall,2.25
height_zs_000066,height,,165.0,,,,6,short,tall,3.0
height_zs_000067,height,,165.0,,,,7,short,tall,2.125
height_zs_000068,height,,165.0,,,,8,short,tall,2.125
height_zs_000069,height,,165.0,,,,9,short,tall,1.25
height_zs_000070,height,,165.0,,,,10,short,tall,2.625
height_zs_000071,height,,165.0,,,,11,short,tall,0.75
height_zs_000072,height,,165.0,,,,12,short,tall,0.125
height_zs_000073,height,,165.0,,,,13,short,tall,0.875
height_zs_000074,height,,165.0,,,,14,short,tall,0.5
height_zs_000075,height,,165.0,,,,15,short,tall,4.0
height_zs_000076,height,,165.0,,,,16,short,tall,0.875
height_zs_000077,height,,165.0,,,,17,short,tall,0.75
height_zs_000078,height,,165.0,,,,18,short,tall,1.0
height_zs_000079,height,,165.0,,,,19,short,tall,0.5
height_zs_000080,height,,165.0,,,,20,short,tall,1.0
height_zs_000081,height,,165.0,,,,21,short,tall,1.125
height_zs_000082,height,,165.0,,,,22,short,tall,2.125
height_zs_000083,height,,165.0,,,,23,short,tall,1.5
height_zs_000084,height,,165.0,,,,24,short,tall,2.0
height_zs_000085,height,,165.0,,,,25,short,tall,2.25
height_zs_000086,height,,165.0,,,,26,short,tall,3.5
height_zs_000087,height,,165.0,,,,27,short,tall,1.125
height_zs_000088,height,,165.0,,,,28,short,tall,2.0
height_zs_000089,height,,165.0,,,,29,short,tall,1.25
height_zs_000090,height,,170.0,,,,0,short,tall,3.375
height_zs_000091,height,,170.0,,,,1,short,tall,3.125
height_zs_000092,height,,170.0,,,,2,short,tall,2.625
height_zs_000093,height,,170.0,,,,3,short,tall,1.75
height_zs_000094,height,,170.0,,,,4,short,tall,1.875
height_zs_000095,height,,170.0,,,,5,short,tall,2.75
height_zs_000096,height,,170.0,,,,6,short,tall,2.875
height_zs_000097,height,,170.0,,,,7,short,tall,2.5
height_zs_000098,height,,170.0,,,,8,short,tall,2.375
height_zs_000099,height,,170.0,,,,9,short,tall,1.375
height_zs_000100,height,,170.0,,,,10,short,tall,3.0
height_zs_000101,height,,170.0,,,,11,short,tall,1.25
height_zs_000102,height,,170.0,,,,12,short,tall,1.125
height_zs_000103,height,,170.0,,,,13,short,tall,0.875
height_zs_000104,height,,170.0,,,,14,short,tall,1.375
height_zs_000105,height,,170.0,,,,15,short,tall,4.125
height_zs_000106,height,,170.0,,,,16,short,tall,0.875
height_zs_000107,height,,170.0,,,,17,short,tall,1.375
height_zs_000108,height,,170.0,,,,18,short,tall,1.5
height_zs_000109,height,,170.0,,,,19,short,tall,1.0
height_zs_000110,height,,170.0,,,,20,short,tall,1.5
height_zs_000111,height,,170.0,,,,21,short,tall,1.625
height_zs_000112,height,,170.0,,,,22,short,tall,2.875
height_zs_000113,height,,170.0,,,,23,short,tall,1.5
height_zs_000114,height,,170.0,,,,24,short,tall,2.25
height_zs_000115,height,,170.0,,,,25,short,tall,2.375
height_zs_000116,height,,170.0,,,,26,short,tall,3.5
height_zs_000117,height,,170.0,,,,27,short,tall,1.75
height_zs_000118,height,,170.0,,,,28,short,tall,2.375
height_zs_000119,height,,170.0,,,,29,short,tall,1.875
height_zs_000120,height,,180.0,,,,0,short,tall,3.875
height_zs_000121,height,,180.0,,,,1,short,tall,3.375
height_zs_000122,height,,180.0,,,,2,short,tall,3.375
height_zs_000123,height,,180.0,,,,3,short,tall,2.375
height_zs_000124,height,,180.0,,,,4,short,tall,3.25
height_zs_000125,height,,180.0,,,,5,short,tall,4.875
height_zs_000126,height,,180.0,,,,6,short,tall,3.375
height_zs_000127,height,,180.0,,,,7,short,tall,3.125
height_zs_000128,height,,180.0,,,,8,short,tall,3.5
height_zs_000129,height,,180.0,,,,9,short,tall,1.75
height_zs_000130,height,,180.0,,,,10,short,tall,3.375
height_zs_000131,height,,180.0,,,,11,short,tall,2.5
height_zs_000132,height,,180.0,,,,12,short,tall,3.625
height_zs_000133,height,,180.0,,,,13,short,tall,1.375
height_zs_000134,height,,180.0,,,,14,short,tall,3.75
height_zs_000135,height,,180.0,,,,15,short,tall,4.25
height_zs_000136,height,,180.0,,,,16,short,tall,1.5
height_zs_000137,height,,180.0,,,,17,short,tall,2.375
height_zs_000138,height,,180.0,,,,18,short,tall,2.5
height_zs_000139,height,,180.0,,,,19,short,tall,2.0
height_zs_000140,height,,180.0,,,,20,short,tall,2.875
height_zs_000141,height,,180.0,,,,21,short,tall,2.5
height_zs_000142,height,,180.0,,,,22,short,tall,3.625
height_zs_000143,height,,180.0,,,,23,short,tall,2.0
height_zs_000144,height,,180.0,,,,24,short,tall,3.375
height_zs_000145,height,,180.0,,,,25,short,tall,3.625
height_zs_000146,height,,180.0,,,,26,short,tall,3.875
height_zs_000147,height,,180.0,,,,27,short,tall,3.125
height_zs_000148,height,,180.0,,,,28,short,tall,3.25
height_zs_000149,height,,180.0,,,,29,short,tall,2.75
size_zs_000450,size,,5.0,,,,0,small,big,-2.1875
size_zs_000451,size,,5.0,,,,1,small,big,-3.125
size_zs_000452,size,,5.0,,,,2,small,big,-2.375
size_zs_000453,size,,5.0,,,,3,small,big,-1.5625
size_zs_000454,size,,5.0,,,,4,small,big,-1.125
size_zs_000455,size,,5.0,,,,5,small,big,-2.6875
size_zs_000456,size,,5.0,,,,6,small,big,-3.25
size_zs_000457,size,,5.0,,,,7,small,big,-2.5625
size_zs_000458,size,,5.0,,,,8,small,big,-1.125
size_zs_000459,size,,5.0,,,,9,small,big,-1.0625
size_zs_000460,size,,5.0,,,,10,small,big,-2.8125
size_zs_000461,size,,5.0,,,,11,small,big,-1.75
size_zs_000462,size,,5.0,,,,12,small,big,-1.5
size_zs_000463,size,,5.0,,,,13,small,big,-3.3125
size_zs_000464,size,,5.0,,,,14,small,big,-1.625
size_zs_000465,size,,5.0,,,,15,small,big,-3.75
size_zs_000466,size,,5.0,,,,16,small,big,-1.375
size_zs_000467,size,,5.0,,,,17,small,big,-1.0
size_zs_000468,size,,5.0,,,,18,small,big,-1.375
size_zs_000469,size,,5.0,,,,19,small,big,-1.25
size_zs_000470,size,,5.0,,,,20,small,big,-1.125
size_zs_000471,size,,5.0,,,,21,small,big,-2.1875
size_zs_000472,size,,5.0,,,,22,small,big,-3.125
size_zs_000473,size,,5.0,,,,23,small,big,-2.9375
size_zs_000474,size,,5.0,,,,24,small,big,-2.75
size_zs_000475,size,,5.0,,,,25,small,big,-2.8125
size_zs_000476,size,,5.0,,,,26,small,big,-3.6875
size_zs_000477,size,,5.0,,,,27,small,big,-0.25
size_zs_000478,size,,5.0,,,,28,small,big,-1.625
size_zs_000479,size,,5.0,,,,29,small,big,-1.0
size_zs_000480,size,,15.0,,,,0,small,big,-2.25
size_zs_000481,size,,15.0,,,,1,small,big,-3.0
size_zs_000482,size,,15.0,,,,2,small,big,-2.125
size_zs_000483,size,,15.0,,,,3,small,big,-2.0
size_zs_000484,size,,15.0,,,,4,small,big,-1.5
size_zs_000485,size,,15.0,,,,5,small,big,-3.1875
size_zs_000486,size,,15.0,,,,6,small,big,-3.125
size_zs_000487,size,,15.0,,,,7,small,big,-2.3125
size_zs_000488,size,,15.0,,,,8,small,big,-1.1875
size_zs_000489,size,,15.0,,,,9,small,big,-0.8125
size_zs_000490,size,,15.0,,,,10,small,big,-3.1875
size_zs_000491,size,,15.0,,,,11,small,big,-2.0625
size_zs_000492,size,,15.0,,,,12,small,big,-1.125
size_zs_000493,size,,15.0,,,,13,small,big,-3.1875
size_zs_000494,size,,15.0,,,,14,small,big,-1.125
size_zs_000495,size,,15.0,,,,15,small,big,-3.375
size_zs_000496,size,,15.0,,,,16,small,big,-1.75
size_zs_000497,size,,15.0,,,,17,small,big,-0.875
size_zs_000498,size,,15.0,,,,18,small,big,-1.625
size_zs_000499,size,,15.0,,,,19,small,big,-1.375
size_zs_000500,size,,15.0,,,,20,small,big,-0.875
size_zs_000501,size,,15.0,,,,21,small,big,-2.3125
size_zs_000502,size,,15.0,,,,22,small,big,-3.0
size_zs_000503,size,,15.0,,,,23,small,big,-2.625
size_zs_000504,size,,15.0,,,,24,small,big,-2.8125
size_zs_000505,size,,15.0,,,,25,small,big,-3.0
size_zs_000506,size,,15.0,,,,26,small,big,-3.3125
size_zs_000507,size,,15.0,,,,27,small,big,-0.375
size_zs_000508,size,,15.0,,,,28,small,big,-1.8125
size_zs_000509,size,,15.0,,,,29,small,big,-1.125
size_zs_000510,size,,25.0,,,,0,small,big,-2.5
size_zs_000511,size,,25.0,,,,1,small,big,-2.75
size_zs_000512,size,,25.0,,,,2,small,big,-1.9375
size_zs_000513,size,,25.0,,,,3,small,big,-2.1875
size_zs_000514,size,,25.0,,,,4,small,big,-1.4375
size_zs_000515,size,,25.0,,,,5,small,big,-3.4375
size_zs_000516,size,,25.0,,,,6,small,big,-3.0
size_zs_000517,size,,25.0,,,,7,small,big,-2.0625
size_zs_000518,size,,25.0,,,,8,small,big,-1.125
size_zs_000519,size,,25.0,,,,9,small,big,-0.6875
size_zs_000520,size,,25.0,,,,10,small,big,-3.4375
size_zs_000521,size,,25.0,,,,11,small,big,-2.0
size_zs_000522,size,,25.0,,,,12,small,big,-0.875
size_zs_000523,size,,25.0,,,,13,small,big,-3.0625
size_zs_000524,size,,25.0,,,,14,small,big,-0.875
size_zs_000525,size,,25.0,,,,15,small,big,-3.6875
size_zs_000526,size,,25.0,,,,16,small,big,-1.25
size_zs_000527,size,,25.0,,,,17,small,big,-1.0
size_zs_000528,size,,25.0,,,,18,small,big,-1.375
size_zs_000529,size,,25.0,,,,19,small,big,-1.375
size_zs_000530,size,,25.0,,,,20,small,big,-0.875
size_zs_000531,size,,25.0,,,,21,small,big,-2.4375
size_zs_000532,size,,25.0,,,,22,small,big,-3.5
size_zs_000533,size,,25.0,,,,23,small,big,-2.3125
size_zs_000534,size,,25.0,,,,24,small,big,-3.0625
size_zs_000535,size,,25.0,,,,25,small,big,-3.0
size_zs_000536,size,,25.0,,,,26,small,big,-3.4375
size_zs_000537,size,,25.0,,,,27,small,big,-0.125
size_zs_000538,size,,25.0,,,,28,small,big,-1.5625
size_zs_000539,size,,25.0,,,,29,small,big,-0.875
size_zs_000540,size,,40.0,,,,0,small,big,-2.125
size_zs_000541,size,,40.0,,,,1,small,big,-3.0
size_zs_000542,size,,40.0,,,,2,small,big,-2.0
size_zs_000543,size,,40.0,,,,3,small,big,-2.1875
size_zs_000544,size,,40.0,,,,4,small,big,-1.125
size_zs_000545,size,,40.0,,,,5,small,big,-3.0625
size_zs_000546,size,,40.0,,,,6,small,big,-3.0625
size_zs_000547,size,,40.0,,,,7,small,big,-1.9375
size_zs_000548,size,,40.0,,,,8,small,big,-0.875
size_zs_000549,size,,40.0,,,,9,small,big,-0.8125
size_zs_000550,size,,40.0,,,,10,small,big,-3.5
size_zs_000551,size,,40.0,,,,11,small,big,-1.9375
size_zs_000552,size,,40.0,,,,12,small,big,-1.125
size_zs_000553,size,,40.0,,,,13,small,big,-3.3125
size_zs_000554,size,,40.0,,,,14,small,big,-0.5
size_zs_000555,size,,40.0,,,,15,small,big,-3.5
size_zs_000556,size,,40.0,,,,16,small,big,-1.3125
size_zs_000557,size,,40.0,,,,17,small,big,-0.75
size_zs_000558,size,,40.0,,,,18,small,big,-1.25
size_zs_000559,size,,40.0,,,,19,small,big,-1.0
size_zs_000560,size,,40.0,,,,20,small,big,-0.875
size_zs_000561,size,,40.0,,,,21,small,big,-2.4375
size_zs_000562,size,,40.0,,,,22,small,big,-3.6875
size_zs_000563,size,,40.0,,,,23,small,big,-2.3125
size_zs_000564,size,,40.0,,,,24,small,big,-3.125
size_zs_000565,size,,40.0,,,,25,small,big,-3.1875
size_zs_000566,size,,40.0,,,,26,small,big,-3.4375
size_zs_000567,size,,40.0,,,,27,small,big,0.125
size_zs_000568,size,,40.0,,,,28,small,big,-1.5
size_zs_000569,size,,40.0,,,,29,small,big,-0.875
size_zs_000570,size,,60.0,,,,0,small,big,-1.6875
size_zs_000571,size,,60.0,,,,1,small,big,-2.6875
size_zs_000572,size,,60.0,,,,2,small,big,-1.5
size_zs_000573,size,,60.0,,,,3,small,big,-1.0625
size_zs_000574,size,,60.0,,,,4,small,big,-0.8125
size_zs_000575,size,,60.0,,,,5,small,big,-2.3125
size_zs_000576,size,,60.0,,,,6,small,big,-2.75
size_zs_000577,size,,60.0,,,,7,small,big,-1.75
size_zs_000578,size,,60.0,,,,8,small,big,-0.6875
size_zs_000579,size,,60.0,,,,9,small,big,-0.1875
size_zs_000580,size,,60.0,,,,10,small,big,-2.4375
size_zs_000581,size,,60.0,,,,11,small,big,-1.5
size_zs_000582,size,,60.0,,,,12,small,big,-0.75
size_zs_000583,size,,60.0,,,,13,small,big,-2.8125
size_zs_000584,size,,60.0,,,,14,small,big,-0.125
size_zs_000585,size,,60.0,,,,15,small,big,-3.3125
size_zs_000586,size,,60.0,,,,16,small,big,-0.8125
size_zs_000587,size,,60.0,,,,17,small,big,-0.6875
size_zs_000588,size,,60.0,,,,18,small,big,-1.25
size_zs_000589,size,,60.0,,,,19,small,big,-1.0
size_zs_000590,size,,60.0,,,,20,small,big,-0.5
size_zs_000591,size,,60.0,,,,21,small,big,-2.125
size_zs_000592,size,,60.0,,,,22,small,big,-2.4375
size_zs_000593,size,,60.0,,,,23,small,big,-2.0
size_zs_000594,size,,60.0,,,,24,small,big,-2.125
size_zs_000595,size,,60.0,,,,25,small,big,-2.3125
size_zs_000596,size,,60.0,,,,26,small,big,-3.0625
size_zs_000597,size,,60.0,,,,27,small,big,0.25
size_zs_000598,size,,60.0,,,,28,small,big,-1.0
size_zs_000599,size,,60.0,,,,29,small,big,-0.5
speed_zs_000600,speed,,20.0,,,,0,slow,fast,-1.9375
speed_zs_000601,speed,,20.0,,,,1,slow,fast,-0.875
speed_zs_000602,speed,,20.0,,,,2,slow,fast,-0.5625
speed_zs_000603,speed,,20.0,,,,3,slow,fast,0.0
speed_zs_000604,speed,,20.0,,,,4,slow,fast,-1.125
speed_zs_000605,speed,,20.0,,,,5,slow,fast,-0.625
speed_zs_000606,speed,,20.0,,,,6,slow,fast,-0.5625
speed_zs_000607,speed,,20.0,,,,7,slow,fast,-1.0625
speed_zs_000608,speed,,20.0,,,,8,slow,fast,-0.75
speed_zs_000609,speed,,20.0,,,,9,slow,fast,1.0
speed_zs_000610,speed,,20.0,,,,10,slow,fast,-1.1875
speed_zs_000611,speed,,20.0,,,,11,slow,fast,-0.9375
speed_zs_000612,speed,,20.0,,,,12,slow,fast,-0.625
speed_zs_000613,speed,,20.0,,,,13,slow,fast,-0.25
speed_zs_000614,speed,,20.0,,,,14,slow,fast,-0.875
speed_zs_000615,speed,,20.0,,,,15,slow,fast,-1.3125
speed_zs_000616,speed,,20.0,,,,16,slow,fast,0.5625
speed_zs_000617,speed,,20.0,,,,17,slow,fast,-0.625
speed_zs_000618,speed,,20.0,,,,18,slow,fast,-1.4375
speed_zs_000619,speed,,20.0,,,,19,slow,fast,-1.0
speed_zs_000620,speed,,20.0,,,,20,slow,fast,-0.875
speed_zs_000621,speed,,20.0,,,,21,slow,fast,-1.5
speed_zs_000622,speed,,20.0,,,,22,slow,fast,-1.3125
speed_zs_000623,speed,,20.0,,,,23,slow,fast,-1.1875
speed_zs_000624,speed,,20.0,,,,24,slow,fast,-1.4375
speed_zs_000625,speed,,20.0,,,,25,slow,fast,-0.9375
speed_zs_000626,speed,,20.0,,,,26,slow,fast,-1.625
speed_zs_000627,speed,,20.0,,,,27,slow,fast,-1.25
speed_zs_000628,speed,,20.0,,,,28,slow,fast,-0.8125
speed_zs_000629,speed,,20.0,,,,29,slow,fast,-0.125
speed_zs_000630,speed,,50.0,,,,0,slow,fast,-2.0625
speed_zs_000631,speed,,50.0,,,,1,slow,fast,-0.625
speed_zs_000632,speed,,50.0,,,,2,slow,fast,-0.3125
speed_zs_000633,speed,,50.0,,,,3,slow,fast,0.25
speed_zs_000634,speed,,50.0,,,,4,slow,fast,-0.5625
speed_zs_000635,speed,,50.0,,,,5,slow,fast,-0.625
speed_zs_000636,speed,,50.0,,,,6,slow,fast,-0.1875
speed_zs_000637,speed,,50.0,,,,7,slow,fast,-1.0
speed_zs_000638,speed,,50.0,,,,8,slow,fast,-0.5
speed_zs_000639,speed,,50.0,,,,9,slow,fast,1.625
speed_zs_000640,speed,,50.0,,,,10,slow,fast,-1.0625
speed_zs_000641,speed,,50.0,,,,11,slow,fast,-0.625
speed_zs_000642,speed,,50.0,,,,12,slow,fast,0.25
speed_zs_000643,speed,,50.0,,,,13,slow,fast,0.0
speed_zs_000644,speed,,50.0,,,,14,slow,fast,1.0
speed_zs_000645,speed,,50.0,,,,15,slow,fast,-1.125
speed_zs_000646,speed,,50.0,,,,16,slow,fast,0.625
speed_zs_000647,speed,,50.0,,,,17,slow,fast,-0.125
speed_zs_000648,speed,,50.0,,,,18,slow,fast,-0.625
speed_zs_000649,speed,,50.0,,,,19,slow,fast,-0.3125
speed_zs_000650,speed,,50.0,,,,20,slow,fast,0.0
speed_zs_000651,speed,,50.0,,,,21,slow,fast,-1.5625
speed_zs_000652,speed,,50.0,,,,22,slow,fast,-1.4375
speed_zs_000653,speed,,50.0,,,,23,slow,fast,-0.625
speed_zs_000654,speed,,50.0,,,,24,slow,fast,-1.3125
speed_zs_000655,speed,,50.0,,,,25,slow,fast,-0.875
speed_zs_000656,speed,,50.0,,,,26,slow,fast,-1.25
speed_zs_000657,speed,,50.0,,,,27,slow,fast,-0.125
speed_zs_000658,speed,,50.0,,,,28,slow,fast,-0.3125
speed_zs_000659,speed,,50.0,,,,29,slow,fast,0.0
speed_zs_000660,speed,,80.0,,,,0,slow,fast,-2.125
speed_zs_000661,speed,,80.0,,,,1,slow,fast,-0.6875
speed_zs_000662,speed,,80.0,,,,2,slow,fast,-0.375
speed_zs_000663,speed,,80.0,,,,3,slow,fast,0.125
speed_zs_000664,speed,,80.0,,,,4,slow,fast,0.0
speed_zs_000665,speed,,80.0,,,,5,slow,fast,-0.5
speed_zs_000666,speed,,80.0,,,,6,slow,fast,-0.125
speed_zs_000667,speed,,80.0,,,,7,slow,fast,-1.0
speed_zs_000668,speed,,80.0,,,,8,slow,fast,-0.625
speed_zs_000669,speed,,80.0,,,,9,slow,fast,1.0625
speed_zs_000670,speed,,80.0,,,,10,slow,fast,-1.0625
speed_zs_000671,speed,,80.0,,,,11,slow,fast,-0.4375
speed_zs_000672,speed,,80.0,,,,12,slow,fast,0.6875
speed_zs_000673,speed,,80.0,,,,13,slow,fast,-0.125
speed_zs_000674,speed,,80.0,,,,14,slow,fast,1.375
speed_zs_000675,speed,,80.0,,,,15,slow,fast,-1.3125
speed_zs_000676,speed,,80.0,,,,16,slow,fast,0.6875
speed_zs_000677,speed,,80.0,,,,17,slow,fast,-0.125
speed_zs_000678,speed,,80.0,,,,18,slow,fast,-0.4375
speed_zs_000679,speed,,80.0,,,,19,slow,fast,-0.125
speed_zs_000680,speed,,80.0,,,,20,slow,fast,0.5
speed_zs_000681,speed,,80.0,,,,21,slow,fast,-1.4375
speed_zs_000682,speed,,80.0,,,,22,slow,fast,-1.5
speed_zs_000683,speed,,80.0,,,,23,slow,fast,-0.6875
speed_zs_000684,speed,,80.0,,,,24,slow,fast,-1.4375
speed_zs_000685,speed,,80.0,,,,25,slow,fast,-0.875
speed_zs_000686,speed,,80.0,,,,26,slow,fast,-1.4375
speed_zs_000687,speed,,80.0,,,,27,slow,fast,0.875
speed_zs_000688,speed,,80.0,,,,28,slow,fast,-0.1875
speed_zs_000689,speed,,80.0,,,,29,slow,fast,0.125
speed_zs_000690,speed,,110.0,,,,0,slow,fast,-2.1875
speed_zs_000691,speed,,110.0,,,,1,slow,fast,-0.5625
speed_zs_000692,speed,,110.0,,,,2,slow,fast,0.0
speed_zs_000693,speed,,110.0,,,,3,slow,fast,0.5
speed_zs_000694,speed,,110.0,,,,4,slow,fast,0.375
speed_zs_000695,speed,,110.0,,,,5,slow,fast,-0.75
speed_zs_000696,speed,,110.0,,,,6,slow,fast,0.0625
speed_zs_000697,speed,,110.0,,,,7,slow,fast,-1.0
speed_zs_000698,speed,,110.0,,,,8,slow,fast,-0.25
speed_zs_000699,speed,,110.0,,,,9,slow,fast,1.625
speed_zs_000700,speed,,110.0,,,,10,slow,fast,-1.25
speed_zs_000701,speed,,110.0,,,,11,slow,fast,-0.25
speed_zs_000702,speed,,110.0,,,,12,slow,fast,1.125
speed_zs_000703,speed,,110.0,,,,13,slow,fast,-0.1875
speed_zs_000704,speed,,110.0,,,,14,slow,fast,1.6875
speed_zs_000705,speed,,110.0,,,,15,slow,fast,-1.0625
speed_zs_000706,speed,,110.0,,,,16,slow,fast,0.4375
speed_zs_000707,speed,,110.0,,,,17,slow,fast,-0.25
speed_zs_000708,speed,,110.0,,,,18,slow,fast,0.125
speed_zs_000709,speed,,110.0,,,,19,slow,fast,0.125
speed_zs_000710,speed,,110.0,,,,20,slow,fast,1.0
speed_zs_000711,speed,,110.0,,,,21,slow,fast,-1.0
speed_zs_000712,speed,,110.0,,,,22,slow,fast,-1.1875
speed_zs_000713,speed,,110.0,,,,23,slow,fast,-0.8125
speed_zs_000714,speed,,110.0,,,,24,slow,fast,-1.4375
speed_zs_000715,speed,,110.0,,,,25,slow,fast,-0.6875
speed_zs_000716,speed,,110.0,,,,26,slow,fast,-1.3125
speed_zs_000717,speed,,110.0,,,,27,slow,fast,1.625
speed_zs_000718,speed,,110.0,,,,28,slow,fast,-0.125
speed_zs_000719,speed,,110.0,,,,29,slow,fast,0.5
speed_zs_000720,speed,,150.0,,,,0,slow,fast,-2.0625
speed_zs_000721,speed,,150.0,,,,1,slow,fast,-0.6875
speed_zs_000722,speed,,150.0,,,,2,slow,fast,0.25
speed_zs_000723,speed,,150.0,,,,3,slow,fast,0.875
speed_zs_000724,speed,,150.0,,,,4,slow,fast,0.875
speed_zs_000725,speed,,150.0,,,,5,slow,fast,0.0
speed_zs_000726,speed,,150.0,,,,6,slow,fast,0.375
speed_zs_000727,speed,,150.0,,,,7,slow,fast,-0.5625
speed_zs_000728,speed,,150.0,,,,8,slow,fast,-0.125
speed_zs_000729,speed,,150.0,,,,9,slow,fast,1.75
speed_zs_000730,speed,,150.0,,,,10,slow,fast,-0.9375
speed_zs_000731,speed,,150.0,,,,11,slow,fast,-0.125
speed_zs_000732,speed,,150.0,,,,12,slow,fast,1.5
speed_zs_000733,speed,,150.0,,,,13,slow,fast,-0.1875
speed_zs_000734,speed,,150.0,,,,14,slow,fast,1.875
speed_zs_000735,speed,,150.0,,,,15,slow,fast,-1.0625
speed_zs_000736,speed,,150.0,,,,16,slow,fast,0.5
speed_zs_000737,speed,,150.0,,,,17,slow,fast,0.0
speed_zs_000738,speed,,150.0,,,,18,slow,fast,0.5
speed_zs_000739,speed,,150.0,,,,19,slow,fast,0.5
speed_zs_000740,speed,,150.0,,,,20,slow,fast,1.125
speed_zs_000741,speed,,150.0,,,,21,slow,fast,-0.6875
speed_zs_000742,speed,,150.0,,,,22,slow,fast,-1.0
speed_zs_000743,speed,,150.0,,,,23,slow,fast,-0.6875
speed_zs_000744,speed,,150.0,,,,24,slow,fast,-1.125
speed_zs_000745,speed,,150.0,,,,25,slow,fast,-0.125
speed_zs_000746,speed,,150.0,,,,26,slow,fast,-1.3125
speed_zs_000747,speed,,150.0,,,,27,slow,fast,2.25
speed_zs_000748,speed,,150.0,,,,28,slow,fast,0.4375
speed_zs_000749,speed,,150.0,,,,29,slow,fast,0.625
wealth_zs_000750,wealth,,20000.0,,,,0,poor,rich,-1.375
wealth_zs_000751,wealth,,20000.0,,,,1,poor,rich,-0.125
wealth_zs_000752,wealth,,20000.0,,,,2,poor,rich,-1.5
wealth_zs_000753,wealth,,20000.0,,,,3,poor,rich,-0.5
wealth_zs_000754,wealth,,20000.0,,,,4,poor,rich,-1.0
wealth_zs_000755,wealth,,20000.0,,,,5,poor,rich,-0.875
wealth_zs_000756,wealth,,20000.0,,,,6,poor,rich,-0.125
wealth_zs_000757,wealth,,20000.0,,,,7,poor,rich,-0.625
wealth_zs_000758,wealth,,20000.0,,,,8,poor,rich,0.0
wealth_zs_000759,wealth,,20000.0,,,,9,poor,rich,-0.375
wealth_zs_000760,wealth,,20000.0,,,,10,poor,rich,-0.75
wealth_zs_000761,wealth,,20000.0,,,,11,poor,rich,-1.125
wealth_zs_000762,wealth,,20000.0,,,,12,poor,rich,-2.375
wealth_zs_000763,wealth,,20000.0,,,,13,poor,rich,-0.75
wealth_zs_000764,wealth,,20000.0,,,,14,poor,rich,-1.375
wealth_zs_000765,wealth,,20000.0,,,,15,poor,rich,-0.25
wealth_zs_000766,wealth,,20000.0,,,,16,poor,rich,-0.125
wealth_zs_000767,wealth,,20000.0,,,,17,poor,rich,-0.625
wealth_zs_000768,wealth,,20000.0,,,,18,poor,rich,-0.875
wealth_zs_000769,wealth,,20000.0,,,,19,poor,rich,-1.0
wealth_zs_000770,wealth,,20000.0,,,,20,poor,rich,-0.75
wealth_zs_000771,wealth,,20000.0,,,,21,poor,rich,-0.75
wealth_zs_000772,wealth,,20000.0,,,,22,poor,rich,-1.0
wealth_zs_000773,wealth,,20000.0,,,,23,poor,rich,-0.375
wealth_zs_000774,wealth,,20000.0,,,,24,poor,rich,-1.25
wealth_zs_000775,wealth,,20000.0,,,,25,poor,rich,-0.375
wealth_zs_000776,wealth,,20000.0,,,,26,poor,rich,-0.625
wealth_zs_000777,wealth,,20000.0,,,,27,poor,rich,-2.375
wealth_zs_000778,wealth,,20000.0,,,,28,poor,rich,-1.375
wealth_zs_000779,wealth,,20000.0,,,,29,poor,rich,-1.625
wealth_zs_000780,wealth,,50000.0,,,,0,poor,rich,-0.125
wealth_zs_000781,wealth,,50000.0,,,,1,poor,rich,0.875
wealth_zs_000782,wealth,,50000.0,,,,2,poor,rich,0.0
wealth_zs_000783,wealth,,50000.0,,,,3,poor,rich,-0.125
wealth_zs_000784,wealth,,50000.0,,,,4,poor,rich,0.125
wealth_zs_000785,wealth,,50000.0,,,,5,poor,rich,0.125
wealth_zs_000786,wealth,,50000.0,,,,6,poor,rich,0.5
wealth_zs_000787,wealth,,50000.0,,,,7,poor,rich,0.375
wealth_zs_000788,wealth,,50000.0,,,,8,poor,rich,0.875
wealth_zs_000789,wealth,,50000.0,,,,9,poor,rich,0.25
wealth_zs_000790,wealth,,50000.0,,,,10,poor,rich,0.0
wealth_zs_000791,wealth,,50000.0,,,,11,poor,rich,0.375
wealth_zs_000792,wealth,,50000.0,,,,12,poor,rich,-0.875
wealth_zs_000793,wealth,,50000.0,,,,13,poor,rich,0.625
wealth_zs_000794,wealth,,50000.0,,,,14,poor,rich,-0.125
wealth_zs_000795,wealth,,50000.0,,,,15,poor,rich,0.75
wealth_zs_000796,wealth,,50000.0,,,,16,poor,rich,0.375
wealth_zs_000797,wealth,,50000.0,,,,17,poor,rich,0.875
wealth_zs_000798,wealth,,50000.0,,,,18,poor,rich,0.375
wealth_zs_000799,wealth,,50000.0,,,,19,poor,rich,0.375
wealth_zs_000800,wealth,,50000.0,,,,20,poor,rich,0.125
wealth_zs_000801,wealth,,50000.0,,,,21,poor,rich,0.25
wealth_zs_000802,wealth,,50000.0,,,,22,poor,rich,0.0
wealth_zs_000803,wealth,,50000.0,,,,23,poor,rich,0.5
wealth_zs_000804,wealth,,50000.0,,,,24,poor,rich,-0.125
wealth_zs_000805,wealth,,50000.0,,,,25,poor,rich,1.0
wealth_zs_000806,wealth,,50000.0,,,,26,poor,rich,0.75
wealth_zs_000807,wealth,,50000.0,,,,27,poor,rich,-0.625
wealth_zs_000808,wealth,,50000.0,,,,28,poor,rich,-0.125
wealth_zs_000809,wealth,,50000.0,,,,29,poor,rich,-0.625
wealth_zs_000810,wealth,,100000.0,,,,0,poor,rich,1.0
wealth_zs_000811,wealth,,100000.0,,,,1,poor,rich,1.75
wealth_zs_000812,wealth,,100000.0,,,,2,poor,rich,1.125
wealth_zs_000813,wealth,,100000.0,,,,3,poor,rich,0.375
wealth_zs_000814,wealth,,100000.0,,,,4,poor,rich,1.0
wealth_zs_000815,wealth,,100000.0,,,,5,poor,rich,1.25
wealth_zs_000816,wealth,,100000.0,,,,6,poor,rich,1.5
wealth_zs_000817,wealth,,100000.0,,,,7,poor,rich,1.375
wealth_zs_000818,wealth,,100000.0,,,,8,poor,rich,1.875
wealth_zs_000819,wealth,,100000.0,,,,9,poor,rich,0.75
wealth_zs_000820,wealth,,100000.0,,,,10,poor,rich,0.75
wealth_zs_000821,wealth,,100000.0,,,,11,poor,rich,1.25
wealth_zs_000822,wealth,,100000.0,,,,12,poor,rich,0.625
wealth_zs_000823,wealth,,100000.0,,,,13,poor,rich,1.375
wealth_zs_000824,wealth,,100000.0,,,,14,poor,rich,0.75
wealth_zs_000825,wealth,,100000.0,,,,15,poor,rich,1.375
wealth_zs_000826,wealth,,100000.0,,,,16,poor,rich,0.625
wealth_zs_000827,wealth,,100000.0,,,,17,poor,rich,1.625
wealth_zs_000828,wealth,,100000.0,,,,18,poor,rich,1.375
wealth_zs_000829,wealth,,100000.0,,,,19,poor,rich,1.5
wealth_zs_000830,wealth,,100000.0,,,,20,poor,rich,0.75
wealth_zs_000831,wealth,,100000.0,,,,21,poor,rich,1.5
wealth_zs_000832,wealth,,100000.0,,,,22,poor,rich,0.75
wealth_zs_000833,wealth,,100000.0,,,,23,poor,rich,1.625
wealth_zs_000834,wealth,,100000.0,,,,24,poor,rich,0.875
wealth_zs_000835,wealth,,100000.0,,,,25,poor,rich,1.125
wealth_zs_000836,wealth,,100000.0,,,,26,poor,rich,1.75
wealth_zs_000837,wealth,,100000.0,,,,27,poor,rich,1.0
wealth_zs_000838,wealth,,100000.0,,,,28,poor,rich,0.875
wealth_zs_000839,wealth,,100000.0,,,,29,poor,rich,0.625
wealth_zs_000840,wealth,,250000.0,,,,0,poor,rich,1.375
wealth_zs_000841,wealth,,250000.0,,,,1,poor,rich,2.25
wealth_zs_000842,wealth,,250000.0,,,,2,poor,rich,1.875
wealth_zs_000843,wealth,,250000.0,,,,3,poor,rich,0.5
wealth_zs_000844,wealth,,250000.0,,,,4,poor,rich,1.625
wealth_zs_000845,wealth,,250000.0,,,,5,poor,rich,1.625
wealth_zs_000846,wealth,,250000.0,,,,6,poor,rich,2.125
wealth_zs_000847,wealth,,250000.0,,,,7,poor,rich,1.75
wealth_zs_000848,wealth,,250000.0,,,,8,poor,rich,2.5
wealth_zs_000849,wealth,,250000.0,,,,9,poor,rich,1.0
wealth_zs_000850,wealth,,250000.0,,,,10,poor,rich,1.125
wealth_zs_000851,wealth,,250000.0,,,,11,poor,rich,1.75
wealth_zs_000852,wealth,,250000.0,,,,12,poor,rich,1.5
wealth_zs_000853,wealth,,250000.0,,,,13,poor,rich,2.125
wealth_zs_000854,wealth,,250000.0,,,,14,poor,rich,1.0
wealth_zs_000855,wealth,,250000.0,,,,15,poor,rich,1.75
wealth_zs_000856,wealth,,250000.0,,,,16,poor,rich,1.25
wealth_zs_000857,wealth,,250000.0,,,,17,poor,rich,2.25
wealth_zs_000858,wealth,,250000.0,,,,18,poor,rich,1.875
wealth_zs_000859,wealth,,250000.0,,,,19,poor,rich,1.875
wealth_zs_000860,wealth,,250000.0,,,,20,poor,rich,1.125
wealth_zs_000861,wealth,,250000.0,,,,21,poor,rich,1.875
wealth_zs_000862,wealth,,250000.0,,,,22,poor,rich,1.25
wealth_zs_000863,wealth,,250000.0,,,,23,poor,rich,2.0
wealth_zs_000864,wealth,,250000.0,,,,24,poor,rich,1.625
wealth_zs_000865,wealth,,250000.0,,,,25,poor,rich,1.25
wealth_zs_000866,wealth,,250000.0,,,,26,poor,rich,2.375
wealth_zs_000867,wealth,,250000.0,,,,27,poor,rich,1.75
wealth_zs_000868,wealth,,250000.0,,,,28,poor,rich,1.5
wealth_zs_000869,wealth,,250000.0,,,,29,poor,rich,0.875
wealth_zs_000870,wealth,,600000.0,,,,0,poor,rich,1.375
wealth_zs_000871,wealth,,600000.0,,,,1,poor,rich,2.125
wealth_zs_000872,wealth,,600000.0,,,,2,poor,rich,1.75
wealth_zs_000873,wealth,,600000.0,,,,3,poor,rich,0.875
wealth_zs_000874,wealth,,600000.0,,,,4,poor,rich,1.75
wealth_zs_000875,wealth,,600000.0,,,,5,poor,rich,1.625
wealth_zs_000876,wealth,,600000.0,,,,6,poor,rich,2.25
wealth_zs_000877,wealth,,600000.0,,,,7,poor,rich,1.875
wealth_zs_000878,wealth,,600000.0,,,,8,poor,rich,2.25
wealth_zs_000879,wealth,,600000.0,,,,9,poor,rich,1.0
wealth_zs_000880,wealth,,600000.0,,,,10,poor,rich,1.375
wealth_zs_000881,wealth,,600000.0,,,,11,poor,rich,1.875
wealth_zs_000882,wealth,,600000.0,,,,12,poor,rich,1.75
wealth_zs_000883,wealth,,600000.0,,,,13,poor,rich,2.25
wealth_zs_000884,wealth,,600000.0,,,,14,poor,rich,1.25
wealth_zs_000885,wealth,,600000.0,,,,15,poor,rich,1.875
wealth_zs_000886,wealth,,600000.0,,,,16,poor,rich,1.375
wealth_zs_000887,wealth,,600000.0,,,,17,poor,rich,2.125
wealth_zs_000888,wealth,,600000.0,,,,18,poor,rich,2.125
wealth_zs_000889,wealth,,600000.0,,,,19,poor,rich,2.125
wealth_zs_000890,wealth,,600000.0,,,,20,poor,rich,1.375
wealth_zs_000891,wealth,,600000.0,,,,21,poor,rich,2.0
wealth_zs_000892,wealth,,600000.0,,,,22,poor,rich,1.25
wealth_zs_000893,wealth,,600000.0,,,,23,poor,rich,2.5
wealth_zs_000894,wealth,,600000.0,,,,24,poor,rich,1.5
wealth_zs_000895,wealth,,600000.0,,,,25,poor,rich,1.625
wealth_zs_000896,wealth,,600000.0,,,,26,poor,rich,2.5
wealth_zs_000897,wealth,,600000.0,,,,27,poor,rich,2.125
wealth_zs_000898,wealth,,600000.0,,,,28,poor,rich,1.625
wealth_zs_000899,wealth,,600000.0,,,,29,poor,rich,1.125
weight_zs_000300,weight,,50.0,,,,0,light,heavy,-2.5625
weight_zs_000301,weight,,50.0,,,,1,light,heavy,-1.75
weight_zs_000302,weight,,50.0,,,,2,light,heavy,-2.0
weight_zs_000303,weight,,50.0,,,,3,light,heavy,-1.3125
weight_zs_000304,weight,,50.0,,,,4,light,heavy,-1.3125
weight_zs_000305,weight,,50.0,,,,5,light,heavy,-1.1875
weight_zs_000306,weight,,50.0,,,,6,light,heavy,-1.5625
weight_zs_000307,weight,,50.0,,,,7,light,heavy,-1.3125
weight_zs_000308,weight,,50.0,,,,8,light,heavy,-0.375
weight_zs_000309,weight,,50.0,,,,9,light,heavy,-0.875
weight_zs_000310,weight,,50.0,,,,10,light,heavy,-1.875
weight_zs_000311,weight,,50.0,,,,11,light,heavy,-1.3125
weight_zs_000312,weight,,50.0,,,,12,light,heavy,-0.25
weight_zs_000313,weight,,50.0,,,,13,light,heavy,-1.75
weight_zs_000314,weight,,50.0,,,,14,light,heavy,0.0
weight_zs_000315,weight,,50.0,,,,15,light,heavy,-1.5625
weight_zs_000316,weight,,50.0,,,,16,light,heavy,-2.3125
weight_zs_000317,weight,,50.0,,,,17,light,heavy,-0.8125
weight_zs_000318,weight,,50.0,,,,18,light,heavy,0.25
weight_zs_000319,weight,,50.0,,,,19,light,heavy,0.25
weight_zs_000320,weight,,50.0,,,,20,light,heavy,-0.25
weight_zs_000321,weight,,50.0,,,,21,light,heavy,-0.6875
weight_zs_000322,weight,,50.0,,,,22,light,heavy,-1.875
weight_zs_000323,weight,,50.0,,,,23,light,heavy,-1.8125
weight_zs_000324,weight,,50.0,,,,24,light,heavy,-2.0
weight_zs_000325,weight,,50.0,,,,25,light,heavy,-1.4375
weight_zs_000326,weight,,50.0,,,,26,light,heavy,-2.1875
weight_zs_000327,weight,,50.0,,,,27,light,heavy,-1.0625
weight_zs_000328,weight,,50.0,,,,28,light,heavy,-1.75
weight_zs_000329,weight,,50.0,,,,29,light,heavy,-0.5625
weight_zs_000330,weight,,65.0,,,,0,light,heavy,-2.5
weight_zs_000331,weight,,65.0,,,,1,light,heavy,-1.75
weight_zs_000332,weight,,65.0,,,,2,light,heavy,-1.875
weight_zs_000333,weight,,65.0,,,,3,light,heavy,-1.25
weight_zs_000334,weight,,65.0,,,,4,light,heavy,-1.0625
weight_zs_000335,weight,,65.0,,,,5,light,heavy,-1.375
weight_zs_000336,weight,,65.0,,,,6,light,heavy,-1.75
weight_zs_000337,weight,,65.0,,,,7,light,heavy,-1.4375
weight_zs_000338,weight,,65.0,,,,8,light,heavy,0.375
weight_zs_000339,weight,,65.0,,,,9,light,heavy,-0.625
weight_zs_000340,weight,,65.0,,,,10,light,heavy,-1.8125
weight_zs_000341,weight,,65.0,,,,11,light,heavy,-1.125
weight_zs_000342,weight,,65.0,,,,12,light,heavy,0.625
weight_zs_000343,weight,,65.0,,,,13,light,heavy,-1.6875
weight_zs_000344,weight,,65.0,,,,14,light,heavy,0.375
weight_zs_000345,weight,,65.0,,,,15,light,heavy,-1.5625
weight_zs_000346,weight,,65.0,,,,16,light,heavy,-2.25
weight_zs_000347,weight,,65.0,,,,17,light,heavy,-0.375
weight_zs_000348,weight,,65.0,,,,18,light,heavy,0.875
weight_zs_000349,weight,,65.0,,,,19,light,heavy,0.875
weight_zs_000350,weight,,65.0,,,,20,light,heavy,-0.25
weight_zs_000351,weight,,65.0,,,,21,light,heavy,0.125
weight_zs_000352,weight,,65.0,,,,22,light,heavy,-1.6875
weight_zs_000353,weight,,65.0,,,,23,light,heavy,-1.6875
weight_zs_000354,weight,,65.0,,,,24,light,heavy,-1.75
weight_zs_000355,weight,,65.0,,,,25,light,heavy,-1.5625
weight_zs_000356,weight,,65.0,,,,26,light,heavy,-1.9375
weight_zs_000357,weight,,65.0,,,,27,light,heavy,-0.5625
weight_zs_000358,weight,,65.0,,,,28,light,heavy,-1.4375
weight_zs_000359,weight,,65.0,,,,29,light,heavy,-0.4375
weight_zs_000360,weight,,75.0,,,,0,light,heavy,-2.3125
weight_zs_000361,weight,,75.0,,,,1,light,heavy,-1.6875
weight_zs_000362,weight,,75.0,,,,2,light,heavy,-1.75
weight_zs_000363,weight,,75.0,,,,3,light,heavy,-1.1875
weight_zs_000364,weight,,75.0,,,,4,light,heavy,-1.0625
weight_zs_000365,weight,,75.0,,,,5,light,heavy,-0.875
weight_zs_000366,weight,,75.0,,,,6,light,heavy,-1.625
weight_zs_000367,weight,,75.0,,,,7,light,heavy,-1.5
weight_zs_000368,weight,,75.0,,,,8,light,heavy,0.375
weight_zs_000369,weight,,75.0,,,,9,light,heavy,-0.5
weight_zs_000370,weight,,75.0,,,,10,light,heavy,-1.625
weight_zs_000371,weight,,75.0,,,,11,light,heavy,-1.0625
weight_zs_000372,weight,,75.0,,,,12,light,heavy,1.0
weight_zs_000373,weight,,75.0,,,,13,light,heavy,-1.4375
weight_zs_000374,weight,,75.0,,,,14,light,heavy,0.9375
weight_zs_000375,weight,,75.0,,,,15,light,heavy,-1.375
weight_zs_000376,weight,,75.0,,,,16,light,heavy,-2.0625
weight_zs_000377,weight,,75.0,,,,17,light,heavy,-0.1875
weight_zs_000378,weight,,75.0,,,,18,light,heavy,1.25
weight_zs_000379,weight,,75.0,,,,19,light,heavy,1.125
weight_zs_000380,weight,,75.0,,,,20,light,heavy,0.125
weight_zs_000381,weight,,75.0,,,,21,light,heavy,0.0
weight_zs_000382,weight,,75.0,,,,22,light,heavy,-1.5625
weight_zs_000383,weight,,75.0,,,,23,light,heavy,-1.6875
weight_zs_000384,weight,,75.0,,,,24,light,heavy,-1.6875
weight_zs_000385,weight,,75.0,,,,25,light,heavy,-1.1875
weight_zs_000386,weight,,75.0,,,,26,light,heavy,-1.9375
weight_zs_000387,weight,,75.0,,,,27,light,heavy,-0.625
weight_zs_000388,weight,,75.0,,,,28,light,heavy,-1.4375
weight_zs_000389,weight,,75.0,,,,29,light,heavy,-0.25
weight_zs_000390,weight,,85.0,,,,0,light,heavy,-2.125
weight_zs_000391,weight,,85.0,,,,1,light,heavy,-1.5625
weight_zs_000392,weight,,85.0,,,,2,light,heavy,-1.5625
weight_zs_000393,weight,,85.0,,,,3,light,heavy,-0.6875
weight_zs_000394,weight,,85.0,,,,4,light,heavy,-0.8125
weight_zs_000395,weight,,85.0,,,,5,light,heavy,-0.875
weight_zs_000396,weight,,85.0,,,,6,light,heavy,-1.5625
weight_zs_000397,weight,,85.0,,,,7,light,heavy,-1.0625
weight_zs_000398,weight,,85.0,,,,8,light,heavy,0.75
weight_zs_000399,weight,,85.0,,,,9,light,heavy,-0.1875
weight_zs_000400,weight,,85.0,,,,10,light,heavy,-1.375
weight_zs_000401,weight,,85.0,,,,11,light,heavy,-1.0
weight_zs_000402,weight,,85.0,,,,12,light,heavy,1.375
weight_zs_000403,weight,,85.0,,,,13,light,heavy,-1.375
weight_zs_000404,weight,,85.0,,,,14,light,heavy,1.9375
weight_zs_000405,weight,,85.0,,,,15,light,heavy,-1.3125
weight_zs_000406,weight,,85.0,,,,16,light,heavy,-2.25
weight_zs_000407,weight,,85.0,,,,17,light,heavy,0.125
weight_zs_000408,weight,,85.0,,,,18,light,heavy,1.5
weight_zs_000409,weight,,85.0,,,,19,light,heavy,1.25
weight_zs_000410,weight,,85.0,,,,20,light,heavy,0.625
weight_zs_000411,weight,,85.0,,,,21,light,heavy,0.25
weight_zs_000412,weight,,85.0,,,,22,light,heavy,-1.375
weight_zs_000413,weight,,85.0,,,,23,light,heavy,-1.5
weight_zs_000414,weight,,85.0,,,,24,light,heavy,-1.5
weight_zs_000415,weight,,85.0,,,,25,light,heavy,-0.9375
weight_zs_000416,weight,,85.0,,,,26,light,heavy,-1.9375
weight_zs_000417,weight,,85.0,,,,27,light,heavy,-0.25
weight_zs_000418,weight,,85.0,,,,28,light,heavy,-1.375
weight_zs_000419,weight,,85.0,,,,29,light,heavy,0.125
weight_zs_000420,weight,,100.0,,,,0,light,heavy,-1.875
weight_zs_000421,weight,,100.0,,,,1,light,heavy,-1.5625
weight_zs_000422,weight,,100.0,,,,2,light,heavy,-1.5
weight_zs_000423,weight,,100.0,,,,3,light,heavy,-0.9375
weight_zs_000424,weight,,100.0,,,,4,light,heavy,0.0
weight_zs_000425,weight,,100.0,,,,5,light,heavy,-0.625
weight_zs_000426,weight,,100.0,,,,6,light,heavy,-1.3125
weight_zs_000427,weight,,100.0,,,,7,light,heavy,-0.8125
weight_zs_000428,weight,,100.0,,,,8,light,heavy,0.625
weight_zs_000429,weight,,100.0,,,,9,light,heavy,-0.3125
weight_zs_000430,weight,,100.0,,,,10,light,heavy,-1.125
weight_zs_000431,weight,,100.0,,,,11,light,heavy,-0.375
weight_zs_000432,weight,,100.0,,,,12,light,heavy,2.0
weight_zs_000433,weight,,100.0,,,,13,light,heavy,-1.4375
weight_zs_000434,weight,,100.0,,,,14,light,heavy,3.4375
weight_zs_000435,weight,,100.0,,,,15,light,heavy,-1.5
weight_zs_000436,weight,,100.0,,,,16,light,heavy,-2.125
weight_zs_000437,weight,,100.0,,,,17,light,heavy,-0.25
weight_zs_000438,weight,,100.0,,,,18,light,heavy,1.375
weight_zs_000439,weight,,100.0,,,,19,light,heavy,1.0
weight_zs_000440,weight,,100.0,,,,20,light,heavy,1.5
weight_zs_000441,weight,,100.0,,,,21,light,heavy,-0.1875
weight_zs_000442,weight,,100.0,,,,22,light,heavy,-1.1875
weight_zs_000443,weight,,100.0,,,,23,light,heavy,-1.25
weight_zs_000444,weight,,100.0,,,,24,light,heavy,-1.3125
weight_zs_000445,weight,,100.0,,,,25,light,heavy,-0.8125
weight_zs_000446,weight,,100.0,,,,26,light,heavy,-1.75
weight_zs_000447,weight,,100.0,,,,27,light,heavy,0.4375
weight_zs_000448,weight,,100.0,,,,28,light,heavy,-1.3125
weight_zs_000449,weight,,100.0,,,,29,light,heavy,0.125
